passage_topic,class
Beijingers fume over parking fees,business
GM issues 2005 profits warning,business
US economy still growing says Fed,business
Wall Street cool to eBay's profit,business
WorldCom trial starts in New York,business
High fuel costs hit US airlines,business
European losses hit GM's profits,business
EU to probe Alitalia 'state aid',business
IMF agrees fresh Turkey funding,business
Saudi investor picks up the Savoy,business
Tsunami slows Sri Lanka's growth,business
China suspends 26 power projects,business
Two Nigerian banks set to merge,business
Virgin Blue shares plummet 20%,business
Watchdog probes Vivendi bond sale,business
Saudi NCCI's shares soar,business
JP Morgan admits US slavery links,business
Egypt and Israel seal trade deal,business
Ford gains from finance not cars,business
Wipro beats forecasts once again,business
Christmas sales worst since 1981,business
Businesses fail to plan for HIV,business
Ailing EuroDisney vows turnaround,business
UK young top Euro earnings league,business
Swiss cement firm in buying spree,business
India's Reliance family feud heats up,business
World leaders gather to face uncertainty,business
US budget deficit to reach $368bn,business
Criminal probe on Citigroup deals,business
Brazil jobless rate hits new low,business
Indonesia 'declines debt freeze',business
Parmalat bank barred from suing,business
China continues rapid growth,business
SEC to rethink post-Enron rules,business
BBC poll indicates economic gloom,business
Europe asks Asia for euro help,business
FBI agent colludes with analyst,business
Millions go missing at China bank,business
China Aviation seeks rescue deal,business
Low-cost airlines hit Eurotunnel,business
Water firm Suez in Argentina row,business
Algeria hit by further gas riots,business
India's Maruti sees profits jump,business
Aids and climate top Davos agenda,business
China now top trader with Japan,business
Trial begins of Spain's top banker,business
UK economy ends year with spurt,business
HealthSouth ex-boss goes on trial,business
Euro firms miss out on optimism,business
Lacroix label bought by US firm,business
Career honour for actor DiCaprio,entertainment
Howl helps boost Japan's cinemas,entertainment
Keanu Reeves given Hollywood star,entertainment
De Niro completes box office coup,entertainment
Day-Lewis set for Berlin honour,entertainment
US composer recreates Bach score,entertainment
Applegate's Charity show closes,entertainment
Ray Charles studio becomes museum,entertainment
Britney attacks 'false tabloids',entertainment
Abba queen enters music rich list,entertainment
Casino Royale is next Bond movie,entertainment
Berlin celebrates European cinema,entertainment
India to deport Bollywood actress,entertainment
Ray DVD beats box office takings,entertainment
Women in film 'are earning less',entertainment
Vera Drake's Bafta triumph hope,entertainment
Roundabout continues nostalgia trip,entertainment
Stars shine on Bafta red carpet,entertainment
Bafta to hand out movie honours,entertainment
Stars pay tribute to actor Davis,entertainment
Aviator and Vera take Bafta glory,entertainment
Film star Fox behind theatre bid,entertainment
Shark Tale DVD is US best-seller,entertainment
Lopez misses UK charity premiere,entertainment
Super Size Me wins writers' award,entertainment
Original Exorcist to be screened,entertainment
Oscar nominees lack pulling power,entertainment
Hitch holds on to US box office,entertainment
Tarantino to direct CSI episode,entertainment
Bollywood DVD fraudster is jailed,entertainment
US 'afflicted' with awards fatigue,entertainment
Critics back Aviator for Oscars,entertainment
Briton wins short film Oscar,entertainment
Sideways dominates Spirit awards,entertainment
Arnold congratulated on Oscar win,entertainment
Eastwood's Baby scoops top Oscars,entertainment
British stars denied major Oscars,entertainment
Lee to create new film superhero,entertainment
Jackson film 'absolute disaster',entertainment
France set for new Da Vinci novel,entertainment
UK Directors Guild nominees named,entertainment
Halloween writer Debra Hill dies,entertainment
Tarantino 'to make Friday sequel',entertainment
Boogeyman takes box office lead,entertainment
Lost Doors frontman movie found,entertainment
Last Star Wars 'not for children',entertainment
French honour for director Parker,entertainment
Robots march to US cinema summit,entertainment
Hobbit picture 'four years away',entertainment
Buffy creator joins Wonder Woman,entertainment
"Act on detention ruling, UK urged",politics
BAA support ahead of court battle,politics
UK 'discriminated against Roma',politics
Howard pitches for UK ethnic vote,politics
Observers to monitor UK election,politics
UK rebate 'unjustified' - Chirac,politics
"UK needs tax cuts, Tories insist",politics
Brown targets OAPs and homebuyers,politics
MPs demand 'Budget leak' answers,politics
US casino 'tricks' face ban in UK,politics
Blair defends terror law changes,politics
Election 'could be terror target',politics
Minimum wage increased to Â£5.05,politics
Hunt ban support is 'in decline',politics
At a glance: Tory health checks,politics
Labour accused of 'EU propaganda',politics
Terror suspects face house arrest,politics
UK pledges Â£1bn to vaccine effort,politics
Straw backs ending China embargo,politics
Pre-poll clash on tax and spend,politics
Plan to give elderly care control,politics
EU rules 'won't stop UK spending',politics
Child access law shake-up planned,politics
'EU referendum could cost Â£80m',politics
'No UK apology' for colonial past,politics
Parliament's record of scandal,politics
Economy focus for election battle,politics
Blair ready to call election,politics
Labour faces 'cold calls' inquiry,politics
Blunkett hints at election call,politics
Lib Dems predict 'best ever poll',politics
Tories reject rethink on axed MP,politics
Ex-PM Lord Callaghan dies aged 92,politics
Blair prepares to name poll date,politics
Brown's poll campaign move denied,politics
Voters 'don't trust politicians',politics
Tory candidate quits over remark,politics
Abortion not a poll issue - Blair,politics
Profile: Gordon Brown,politics
Boateng to step down at election,politics
Howard hits back at mongrel jibe,politics
Tories urge 'change at the top',politics
Sayeed to stand down as Tory MP,politics
Howard's unfinished business,politics
'Last chance' warning for voters,politics
Sainsbury's Labour election gift,politics
Blair 'up for it' ahead of poll,politics
Labour MP praises Tory campaign,politics
Top Tories on Lib Dem 'hit list',politics
Lib Dems unveil election slogan,politics
Navratilova hits out at critics,sport
Prodigy Monfils blows away Gaudio,sport
Connors boost for British tennis,sport
Henin-Hardenne beaten on comeback,sport
Moya clinches Cup for Spain,sport
Capriati to miss Melbourne,sport
Classy Henman makes winning start,sport
Moya emotional after Davis Cup win,sport
Moya emotional at Davis Cup win,sport
Capriati out of Australian Open,sport
Bryan twins keep US hopes alive,sport
Faultless Federer has no equal,sport
Mauresmo opens with victory in LA,sport
Agassi fear for Melbourne,sport
Henman to face Saulnier test,sport
Moya suffers shock loss,sport
Clijsters hope on Aussie Open,sport
Clijsters could play Aussie Open,sport
Edgy Agassi struggles past Dent,sport
Roddick splits from coach Gilbert,sport
Roddick in talks over new coach,sport
Hewitt survives Nalbandian epic,sport
Sydney return for Henin-Hardenne,sport
Koubek suspended after drugs test,sport
Hewitt fights back to reach final,sport
Officials respond in court row,sport
Williams battles to Aussie title,sport
Safin cool on Wimbledon,sport
Safin plays down Wimbledon hopes,sport
Nadal puts Spain 2-0 up,sport
Henman & Murray claim LTA awards,sport
Connors' rallying cry for British tennis,sport
Roche 'turns down Federer offer',sport
Federer joins all-time greats,sport
Philippoussis doubt over Open bid,sport
Slovakia reach Hopman Cup final,sport
Dent continues Adelaide progress,sport
Moya sidesteps Davis Cup in 2005,sport
Henman decides to quit Davis Cup,sport
Ivanovic seals Canberra victory,sport
Minister digs in over doping row,sport
Safin relieved at Aussie recovery,sport
Veteran Martinez wins Thai title,sport
Soderling wins tense Milan final,sport
Rusedski forced out in Marseille,sport
Big guns ease through in San Jose,sport
Almagro continues Spanish surge,sport
Melzer shocks Agassi in San Jose,sport
Mirza makes Indian tennis history,sport
Roddick to face Saulnier in final,sport
Slow start to speedy net services,tech
Anti-tremor mouse stops PC shakes,tech
The pirates with no profit motive,tech
Apple makes blogs reveal sources,tech
Hitachi unveils 'fastest robot',tech
Have hackers recruited your PC?,tech
What price for 'trusted PC security'?,tech
Gizmondo gadget hits the shelves,tech
Confusion over high-definition TV,tech
Digital UK driven by net and TV,tech
Bad e-mail habits sustains spam,tech
Sony PSP handheld console hits US,tech
'Podcasters' look to net money,tech
Local net TV takes off in Austria,tech
Rolling out next generation's net,tech
Long life promised for laptop PCs,tech
Net fingerprints combat attacks,tech
Microsoft plans 'safer ID' system,tech
Court mulls file-sharing future,tech
France starts digital terrestrial,tech
Text message record smashed again,tech
Software watching while you work,tech
Commodore finds new lease of life,tech
Cabs collect mountain of mobiles,tech
T-Mobile bets on 'pocket office',tech
California sets fines for spyware,tech
Mobile TV tipped as one to watch,tech
Apple laptop is 'greatest gadget',tech
Sun offers processing by the hour,tech
Kenyan school turns to handhelds,tech
Tough rules for ringtone sellers,tech
Mobile music challenges 'iPod age',tech
China 'ripe' for media explosion,tech
Beckham virus spotted on the net,tech
Video phones act as dating tools,tech
Progress on new internet domains,tech
Camera phones are 'must-haves',tech
Mobile multimedia slow to catch on,tech
Anti-spam laws bite spammer hard,tech
Peer-to-peer nets 'here to stay',tech
Broadband fuels online expression,tech
Savvy searchers fail to spot ads,tech
TV's future down the phone line,tech
Cebit fever takes over Hanover,tech
New consoles promise big problems,tech
BT program to beat dialler scams,tech
Spam e-mails tempt net shoppers,tech
Be careful how you code,tech
US cyber security chief resigns,tech
Losing yourself in online gaming,tech
Labour plans maternity pay rise,politics
Watchdog probes e-mail deletions,politics
Hewitt decries 'career sexism',politics
Labour chooses Manchester,politics
Brown ally rejects Budget spree,politics
'Errors' doomed first Dome sale,politics
Fox attacks Blair's Tory 'lies',politics
Women MPs reveal sexist taunts,politics
Campbell: E-mail row 'silly fuss',politics
Crucial decision on super-casinos,politics
Mrs Howard gets key election role,politics
PM apology over jailings,politics
Howard rebuts asylum criticisms,politics
Blair rejects Tory terror offer,politics
Talks held on Gibraltar's future,politics
Crisis 'ahead in social sciences',politics
Tsunami debt deal to be announced,politics
Straw to attend Auschwitz service,politics
Drink remark 'acts as diversion',politics
Concerns at school diploma plan,politics
Blair backs 'pre-election budget',politics
"Nat Insurance to rise, say Tories",politics
E-University 'disgraceful waste',politics
Brown visits slum on Africa trip,politics
UK 'needs true immigration data',politics
Blair sets date for Africa report,politics
Butler launches attack on Blair,politics
Lib Dems demand new inquiry,politics
UK set to cut back on embassies,politics
Labour targets 'hardcore truants',politics
Blunkett sorry over murder plan,politics
Hunt demo at Labour meeting,politics
Protesters plan airport challenge,politics
Tories attack burglar 'U-turns',politics
Leaders meet over Turkish EU bid,politics
Choose hope over fear - Kennedy,politics
Profile: David Miliband,politics
Borders rail link campaign rally,politics
'Hitler' row over Welsh arts cash,politics
Lords wrong on detainees - Straw,politics
Profile: David Blunkett,politics
Strike threat over pension plans,politics
Parties warned over 'grey vote',politics
MPs quiz aides over royal income,politics
Tory leader 'cleared' over work,politics
Blair and Blunkett Sheffield trip,politics
Student 'fee factor' played down,politics
Anglers 'could face prosecution',politics
Clarke to press on with ID cards,politics
Scots smoking ban details set out,politics
MPs criticise child access system,politics
Nuclear strike 'key terror risk',politics
Russian ex-spy on hunger strike,politics
Lib Dems 'to target stamp duty',politics
Kelly trails new discipline power,politics
Citizenship event for 18s touted,politics
England children's tsar appointed,politics
EU China arms ban 'to be lifted',politics
'Debate needed' on donations cap,politics
Cardinal criticises Iraq war cost,politics
Assembly ballot papers 'missing',politics
Muslims discuss election concerns,politics
Drive to 'save' festive holidays,politics
Blair hails Turkey-EU talks deal,politics
Guantanamo pair's passport ban,politics
Commons hunt protest charges,politics
Child access laws shake-up,politics
MPs to debate 'euthanasia laws',politics
Talks aim to avert pension strike,politics
Opposition grows to house arrests,politics
Visa decision 'every 11 minutes',politics
'No more concessions' on terror,politics
No to Royal succession shake-up,politics
BNP leader Nick Griffin arrested,politics
Boris opposes mayor apology,politics
Report attacks defence spending,politics
Brown names 16 March for Budget,politics
Asylum children to face returns,politics
'Fido' to be taken off vote lists,politics
'More to do' on adult literacy,politics
Tory backing for ID cards,politics
Labour's 'EU propaganda',politics
Hague 'given up' his PM ambition,politics
Job cuts 'false economy'  - TUC,politics
UK's 'useless' quangos under fire,politics
Howard backs stem cell research,politics
Howard unveils Tory asylum plans,politics
Campaign 'cold calls' questioned,politics
Tory leader quits legal position,politics
MSPs hear renewed climate warning,politics
Vouchers 'to cut winter deaths',politics
New 'yob' targets to be unveiled,politics
Kennedy calls for Iraq exit plans,politics
McConnell in 'drunk' remark row,politics
Brown hits back in Blair rift row,politics
Tories 'would cut number of MPs',politics
UK plan to deport terror suspects,politics
Ministers deny care sums 'wrong',politics
Blair stresses prosperity goals,politics
Guantanamo man 'suing government',politics
Council tax rise 'reasonable',politics
Blunkett row should end - Blair,politics
Minimum rate for foster parents,politics
Royal couple watch nation's mood,politics
Muslim police stops 'more likely',politics
Howard attacks cost of asylum,politics
Brown outlines third term vision,politics
'Super union' merger plan touted,politics
UK firms 'embracing e-commerce',politics
UK heading wrong way - Howard,politics
Kilroy launches 'Veritas' party,politics
Blair 'damaged' by Blunkett row,politics
MP's shock at long lost daughter,politics
Green fear for transport ballot,politics
New drink limit 'would cut toll',politics
"CSA 'could close', says minister",politics
Boothroyd calls for Lords speaker,politics
Bid to cut court witness stress,politics
"Lord Scarman, 93, dies peacefully",politics
Tory leader urges Harry apology,politics
NHS waiting time target is cut,politics
Tories plan migrant health checks,politics
MPs issued with Blackberry threat,politics
Wales 'must learn health lessons',politics
UKIP candidate suspended,politics
End Bush 'denial' Blair tells EU,politics
Brown to outline presidency goals,politics
Brown shrugs off economy fears,politics
UK troops on Ivory Coast standby,politics
Blair told to double overseas aid,politics
Peace demo appeal rejected,politics
Retirement age could be scrapped,politics
Jowell rejects 'Las Vegas' jibe,politics
Ban on hunting comes into force,politics
Blair says UK tsunami aid to soar,politics
Straw attacked on China arms,politics
Defiant hunts put ban to the test,politics
EU fraud clampdown urged,politics
Straw praises Kashmir moves,politics
UK helps raped Rwandan women,politics
Howard denies split over ID cards,politics
EU referendum question unveiled,politics
Malik rejects all-black MP lists,politics
MP attacked by muggers in Kenya,politics
Candidate resigns over BNP link,politics
'Nuclear dumpsite' plan attacked,politics
Labour accused of broken pledge,politics
Labour trio 'had vote-rig factory',politics
Blair returns from peace mission,politics
Galloway plea for hostage release,politics
Guantanamo four questioned,politics
Minister defends hunting ban law,politics
Clarke to unveil immigration plan,politics
Mayor will not retract Nazi jibe,politics
Pakistani women 'must not hide',politics
Visa row mandarin made Sir John,politics
Kilroy-Silk attacked with slurry,politics
"Petrol duties frozen, Brown says",politics
Howard unveils election platform,politics
Lawyer attacks anti-terror laws,politics
Turkey deal 'to help world peace',politics
"Protect whistleblowers, TUC says",politics
Kinnock to urge reform in Lords,politics
McConnell details Scots wave toll,politics
Police urge pub closure power,politics
Blunkett tells of love and pain,politics
Housing plans criticised by MPs,politics
MPs' murder sentence concern,politics
'No-one can define new hunt ban',politics
Hospital suspends 'no Welsh' plan,politics
Tories pledge free sports lessons,politics
Faith schools citizenship warning,politics
Ministers lose slopping out case,politics
Escaped prisoner report ordered,politics
Chancellor rallies Labour voters,politics
Councils 'must find Gypsy sites',politics
Plaid MP's cottage arson claim,politics
Hatfield executives go on trial,politics
Final hunts held as ban looms,politics
Falconer rebuts 'charade' claims,politics
"School sport 'is back', says PM",politics
Anti-terror plan faces first test,politics
Former NI minister Scott dies,politics
Blair rejects Iraq advice calls,politics
Police probe BNP mosque leaflet,politics
Blair says mayor should apologise,politics
Jowell confirms casino climbdown,politics
Security papers 'found in street',politics
Blair congratulates Bush on win,politics
Howard 'truanted to play snooker',politics
Short attacks US over tsunami aid,politics
Guantanamo four free in weeks,politics
Tories attack EU asylum moves,politics
Cherie accused of attacking Bush,politics
Tsunami 'won't divert Africa aid',politics
Mandelson warning to BBC,politics
Blair 'pressing US on climate',politics
Police chief backs drinking move,politics
Game warnings 'must be clearer',politics
Mallon wades into NE vote battle,politics
Howard rejects BNP's claim,politics
Tories opposing 24-hour drinking,politics
New foot and mouth action urged,politics
Correction agency plans dropped,politics
Tutu's Guantanamo release call,politics
Blair's hope for Blunkett return,politics
February poll claim 'speculation',politics
Gurkhas to help tsunami victims,politics
Abbas 'will not tolerate' attacks,politics
Thousands join strike in Wales,politics
Top judge clashes with ministers,politics
Tory expert denies defeatism,politics
Lib Dems target the student vote,politics
Custody death rate 'shocks' MPs,politics
New rules tackle 'sham weddings',politics
Ministers 'naive' over phone-taps,politics
Schools to take part in mock poll,politics
Blair dismisses quit claim report,politics
Jamieson issues warning to bigots,politics
Clarke plans migrant point scheme,politics
Clarke defends terror detentions,politics
Voters 'reject EU by two to one',politics
Kennedy questions trust of Blair,politics
Terror detainees win Lords appeal,politics
Blair to face MPs amid feud talk,politics
Tories unveil quango blitz plans,politics
Clarke faces ID cards rebellion,politics
Labour pig poster 'anti-Semitic',politics
Iraqis win death test case probe,politics
Burglar defence guidelines issued,politics
Woolf murder sentence rethink,politics
Probe launched on Ken Nazi jibe,politics
'Few ready' for information act,politics
Blunkett unveils policing plans,politics
Lib Dems' new election PR chief,politics
Jack Cunningham to stand down,politics
Kilroy unveils immigration policy,politics
Regiments' group in poll move,politics
Row over 'police' power for CSOs,politics
Sport betting rules in spotlight,politics
Councils prepare to set tax rises,politics
Whitehall shredding increasing - Tories,politics
MPs assess Scots fishing industry,politics
Research fears over Kelly's views,politics
Army chiefs in regiments decision,politics
Student 'inequality' exposed,politics
Kennedy to make temple address,politics
David Blunkett in quotes,politics
"No election TV debate, says Blair",politics
What the election should really be about?,politics
Brown and Blair face new rift claims,politics
Blair 'said he would stand down',politics
Blair dismisses quit claim report,politics
Could rivalry overshadow election?,politics
Brown in appeal for Labour unity,politics
Blair pledges unity to Labour MPs,politics
Blair and Brown criticised by MPs,politics
Labour MPs' fears over squabbling,politics
'Poll Idols' face first hurdles,politics
Labour seeks to quell feud talk,politics
Labour's election love-in,politics
Howard taunts Blair over splits,politics
How political squabbles snowball,politics
Blair looks to election campaign,politics
Tories unveil quango blitz plans,politics
Peers debate Crown succession law,politics
UKIP's secret weapon?,politics
More reforms ahead says Milburn,politics
Teens 'know little' of politics,politics
Defection timed to hit tax pledge,politics
Tory leader unveils spending plan,politics
Kennedy looks to election gains,politics
'Best person' for top legal job,politics
The memory driving Brown's mission,politics
Howard dismisses Tory tax fears,politics
Donor attacks Blair-Brown 'feud',politics
Howard and Blair tax pledge clash,politics
What really divides the parties,politics
Amnesty chief laments war failure,politics
Blair sees greater Bush consensus,politics
Kilroy-Silk quits 'shameful' UKIP,politics
Blair blasts Tory spending plans,politics
Lib Dems' 'bold' election policy,politics
Kennedy's cautious optimism,politics
Hague 'given up' his PM ambition,politics
UKIP candidate suspended in probe,politics
Boothroyd calls for Lords speaker,politics
New UKIP defection to 'Veritas',politics
Baron Kinnock makes Lords debut,politics
Terror powers expose 'tyranny',politics
'Super union' merger plan touted,politics
UKIP MEP attacked German 'empire',politics
Kilroy launches 'Veritas' party,politics
Civil servants in strike ballot,politics
Blair Labour's longest-serving PM,politics
Tories leave door open for Archer,politics
Mandelson warns BBC on Campbell,politics
'Debate needed' on donations cap,politics
Conservative backing for ID cards,politics
Howard denies split over ID cards,politics
Taxes must be trusted - Kennedy,politics
Galloway targets 'New Labour' MP,politics
Election deal faltered over Heath role,politics
UKIP outspent Labour on EU poll,politics
Labour battle plan 'hides Blair',politics
Campbell returns to election team,politics
Conservative MP defects to Labour,politics
Tory 'stalking horse' Meyer dies,politics
UK youth 'interested' in politics,politics
MPs issued with Blackberry threat,politics
Talks aim to avert pension strike,politics
Stalemate in pension strike talks,politics
Parties warned over 'grey vote',politics
Blair to face trust issue head on,politics
CSA chief who 'quit' still in job,politics
Blair moves to woo Jewish voters,politics
Parties' plans for council tax,politics
Labour in constituency race row,politics
MPs tout Lords replacement plan,politics
Hague's six-figure earnings shown,politics
Schools to take part in mock poll,politics
Parties build up poll war chests,politics
Kennedy predicts bigger turnout,politics
Iraq advice claim sparks new row,politics
UKIP could sue Veritas defectors,politics
Prime minister's questions,politics
Goldsmith denies war advice claim,politics
Goldsmith: 'I was not leant on',politics
Tory expert denies defeat warning,politics
Manchester wins Labour conference,politics
Labour attacked on Howard poster,politics
Milburn defends poster campaign,politics
Kilroy names election seat target,politics
Immigration to be election issue,politics
Kennedy begins pre-election tour,politics
Labour's core support takes stock,politics
Campaign 'cold calls' questioned,politics
Lib Dems highlight problem debt,politics
Lib Dems target first-time buyers,politics
Lib Dems unveil women's manifesto,politics
Kennedy questions trust of Blair,politics
Brown outlines third term vision,politics
Labour's Cunningham to stand down,politics
Will Tory tax cuts lift spirits?,politics
Teenagers to be allowed to be MPs,politics
Labour's four little words,politics
Tories outlining policing plans,politics
TV debate urged for party chiefs,politics
Chancellor rallies Labour voters,politics
Brown 'proud of economy record',politics
Fox attacks Blair's Tory 'lies',politics
Blair joins school sailing trip,politics
"Analysis: No pain, no gain?",politics
Brown names 16 March for Budget,politics
Lib Dems stress Budget trust gap,politics
Blair backs 'pre-election budget',politics
Cabinet anger at Brown cash raid,politics
'UK will stand firm on EU rebate',politics
Brown ally rejects Budget spree,politics
Will the Budget bring out smiling voters?,politics
Budget to set scene for election,politics
Brown comes out shooting,politics
Kennedy criticises 'unfair' taxes,politics
Howard attacks 'pay later' Budget,politics
Whitehall cuts 'ahead of target',politics
Brown calls for Â£5.5bn Aids fund,politics
"UK heading wrong way, says Howard",politics
Gallery unveils interactive tree,entertainment
Jarre joins fairytale celebration,entertainment
Musical treatment for Capra film,entertainment
Richard and Judy choose top books,entertainment
Poppins musical gets flying start,entertainment
Bennett play takes theatre prizes,entertainment
Levy tipped for Whitbread prize,entertainment
West End to honour finest shows,entertainment
Da Vinci Code is 'lousy history',entertainment
Uganda bans Vagina Monologues,entertainment
Artists' secret postcards on sale,entertainment
Neeson in bid to revive theatre,entertainment
Levy takes Whitbread novel prize,entertainment
Adventure tale tops awards,entertainment
Mutant book wins Guardian prize,entertainment
Arthur Hailey: King of the bestsellers,entertainment
Spark heads world Booker list,entertainment
Versace art portfolio up for sale,entertainment
Slater to star in Broadway play,entertainment
Public show for Reynolds portrait,entertainment
Obituary: Dame Alicia Markova,entertainment
Fears raised over ballet future,entertainment
Famed music director Viotti dies,entertainment
Paraguay novel wins US book prize,entertainment
New Harry Potter tops book chart,entertainment
UK's National Gallery in the pink,entertainment
Lit Idol begins search for author,entertainment
Potter director signs Warner deal,entertainment
Baghdad Blogger on big screen,entertainment
US critics laud comedy Sideways,entertainment
Dirty Den's demise seen by 14m,entertainment
Redford's vision of Sundance,entertainment
DVD review: Harry Potter and the Prisoner of Azkaban,entertainment
Vera Drake scoops film award,entertainment
Hundreds vie for best film Oscar,entertainment
Hanks greeted at wintry premiere,entertainment
Film row over Pirates 'cannibals',entertainment
Stars gear up for Bafta ceremony,entertainment
Aviator 'creator' in Oscars snub,entertainment
Wine comedy up for six film gongs,entertainment
No ads for Passion Oscar campaign,entertainment
Berlin honours S Korean director,entertainment
Stars pay tribute to actor Davis,entertainment
US actor Ossie Davis found dead,entertainment
Jugnot 'tops French actor league',entertainment
Howl helps boost Japan's cinemas,entertainment
Berlin applauds Hotel Rwanda,entertainment
'Landmark movies' of 2004 hailed,entertainment
De Niro film leads US box office,entertainment
Willis sues over movie 'injury',entertainment
Foxx and Swank win US awards,entertainment
Spike Lee backs student directors,entertainment
Horror film heads US box office,entertainment
Mumbai bombs movie postponed,entertainment
DVD review: I,entertainment
Brando 'rejected Godfather role',entertainment
Dutch watch Van Gogh's last film,entertainment
Berlin hails European cinema,entertainment
Sky takes over Oscar night mantle,entertainment
Snicket tops US box office chart,entertainment
Director Nair's Vanity project,entertainment
Spirit awards hail Sideways,entertainment
Tautou film tops Cesar prize nods,entertainment
Hollywood ready for Oscars night,entertainment
Animation charms Japan box office,entertainment
US box office set for record high,entertainment
Low-budget film wins Cesar,entertainment
Tautou 'to star in Da Vinci film',entertainment
Foxx and Swank take actors awards,entertainment
Children vote Shrek 2 best film,entertainment
UK debut for Kevin Spacey movie,entertainment
Box office blow for Alexander,entertainment
Ray DVD beats box office takings,entertainment
Ocean's Twelve raids box office,entertainment
Indie film nominations announced,entertainment
Fockers fuel festive film chart,entertainment
DVD review: Spider-Man 2,entertainment
Baby becomes new Oscar favourite,entertainment
Russian film wins BBC world prize,entertainment
US TV cuts nudity from BBC film,entertainment
Oscars race enters final furlong,entertainment
Aviator 'creator' in Oscars snub,entertainment
Cage film's third week at US top,entertainment
Oscar nominees gear up for lunch,entertainment
Church anger over Bollywood film,entertainment
Bookmakers back Aviator for Oscar,entertainment
Global release for Japan hit film,entertainment
Ocean's Twelve raids box office,entertainment
Oscar nominee Dan O'Herlihy dies,entertainment
Berlin cheers for anti-Nazi film,entertainment
Wine comedy wins critics' award,entertainment
Actor Foxx sees Globe nominations,entertainment
Godzilla gets Hollywood fame star,entertainment
God cut from Dark Materials film,entertainment
Aviator wins top Globes accolades,entertainment
Singer's film to show at festival,entertainment
Surprise win for anti-Bush film,entertainment
Da Vinci film to star Tom Hanks,entertainment
Controversial film tops festival,entertainment
Fockers retain film chart crown,entertainment
Sundance to honour foreign films,entertainment
Day-Lewis set for Berlin honour,entertainment
Downloads enter US singles chart,entertainment
Glasgow hosts tsunami benefit gig,entertainment
Pop band Busted to 'take a break',entertainment
Streets have 'album of the year',entertainment
Manics in charge of BBC 6 Music,entertainment
Media seek Jackson 'juror' notes,entertainment
Band Aid retains number one spot,entertainment
Rap boss arrested over drug find,entertainment
Elton plays Paris charity concert,entertainment
Elvis set to top UK singles chart,entertainment
Wal-Mart is sued over rude lyrics,entertainment
Pete Doherty misses bail deadline,entertainment
Rapper Snoop Dogg sued for 'rape',entertainment
Legendary music studio to close,entertainment
Rapper Jay-Z becomes label boss,entertainment
REM concerts blighted by illness,entertainment
Ring of Fire hit co-writer dies,entertainment
'My memories of Marley...',entertainment
Belle named 'best Scottish band',entertainment
Dance music not dead says Fatboy,entertainment
Label withdraws McFadden's video,entertainment
Byrds producer Melcher dies at 62,entertainment
Snow Patrol feted at Irish awards,entertainment
Doves soar to UK album summit,entertainment
Downloads enter US singles chart,entertainment
Top gig award for Scissor Sisters,entertainment
Brits return Keane to number one,entertainment
Charity single for quake relief,entertainment
Franz man seeks government help,entertainment
Hard act to follow for OutKast,entertainment
Sir Paul rocks Super Bowl crowds,entertainment
Rock group Korn's guitarist quits,entertainment
Vibe awards back despite violence,entertainment
'Christmas song formula' unveiled,entertainment
Glastonbury fans to get ID cards,entertainment
Queen recruit singer for new tour,entertainment
U2 to play at Grammy awards show,entertainment
Rock band U2 break ticket record,entertainment
Police praise 'courageous' Ozzy,entertainment
New York rockers top talent poll,entertainment
Blair buys copies of new Band Aid,entertainment
Eminem beats Elvis to number one,entertainment
Sir Paul rocks Super Bowl crowds,entertainment
J-Lo and husband plan debut duet,entertainment
Beastie Boys win sampling battle,entertainment
Pupils to get anti-piracy lessons,entertainment
Spector facing more legal action,entertainment
Usher leads Billboard nominations,entertainment
Eminem secret gig venue revealed,entertainment
Beatles suits sell for $110,entertainment
OutKast win at MTV Europe Awards,entertainment
Oasis star fined for German brawl,entertainment
Disputed Nirvana box set on sale,entertainment
Usher leads Soul Train shortlist,entertainment
US charity anthem is re-released,entertainment
Queen recruit singer for new tour,entertainment
Band Aid 20 single storms to No 1,entertainment
iTunes now selling Band Aid song,entertainment
Court halts Mark Morrison album,entertainment
Prince crowned 'top music earner',entertainment
Early Elvis recordings go on sale,entertainment
Parker's saxophone heads auction,entertainment
Comic Morris returns with sitcom,entertainment
TV station refuses adoption show,entertainment
A-listers flock to Gervais sitcom,entertainment
Campaigners attack MTV 'sleaze',entertainment
US actor 'found with gun residue',entertainment
EastEnders 'is set for US remake',entertainment
US 'to raise TV indecency fines',entertainment
Eurovision 'greats' to do battle,entertainment
UK TV channel rapped for CSI ad,entertainment
X Factor show gets second series,entertainment
Alicia Keys to open US Super Bowl,entertainment
'Comeback' show for Friends star,entertainment
Hillbillies singer Scoggins dies,entertainment
Branson show flops on US screens,entertainment
Housewives lift Channel 4 ratings,entertainment
McCririck out of Big Brother show,entertainment
Chris Evans back on the market,entertainment
Top stars join US tsunami TV show,entertainment
Star Trek fans fight to save show,entertainment
Top of the Pops leaves BBC One,entertainment
Oscar host Rock to keep it clean,entertainment
Johnny and Denise lose Passport,entertainment
Double eviction from Big Brother,entertainment
Celebrities get their skates on,entertainment
Holmes wins '2004 top TV moment',entertainment
Veteran comic Cyril Fletcher dies,entertainment
Little Britain vies for TV trophy,entertainment
Springer criticises Opera musical,entertainment
CSI shows give 'unrealistic view',entertainment
Ethnic producers 'face barriers',entertainment
US TV special for tsunami relief,entertainment
Gervais writing Simpsons episode,entertainment
John Peel replacement show begins,entertainment
Brookside actress Keaveney dies,entertainment
&#163;1.8m indecency fine for Viacom,entertainment
Celebrities get to stay in jungle,entertainment
Triple triumph for Little Britain,entertainment
BBC 'should allow more scrutiny',entertainment
Greer attacks 'bully' Big Brother,entertainment
No charges against TV's Cosby,entertainment
Wife Swap makers sue US 'copycat',entertainment
Show over for MTV's The Osbournes,entertainment
Jungle TV show ratings drop by 4m,entertainment
Duran Duran show set for US TV,entertainment
US show sued for rat-eating stunt,entertainment
Muslim group attacks TV drama 24,entertainment
Brookside creator's Channel 4 bid,entertainment
Little Britain two top comic list,entertainment
TV show unites Angolan families,entertainment
Volcano drama erupts on BBC One,entertainment
South Bank Awards honour hit soap,entertainment
Housewives lift Channel 4 ratings,entertainment
Baywatch dubbed 'worst TV import',entertainment
Stern dropped from radio stations,entertainment
US TV host Clark suffers stroke,entertainment
New media battle for Bafta awards,entertainment
Bets off after Big Brother 'leak',entertainment
School tribute for TV host Carson,entertainment
Singer Ferguson 'facing eviction',entertainment
Farrell due to make US TV debut,entertainment
Stallone evicted from Big Brother,entertainment
Fox 'too reliant on reality TV',entertainment
George Michael to perform for BBC,entertainment
Joy Division story to become film,entertainment
New York rockers top talent poll,entertainment
Aaliyah claim dismissed by court,entertainment
Three DJs replace Peel radio show,entertainment
Connick Jr to lead Broadway show,entertainment
Elvis fans hold birthday bash,entertainment
Elvis regains top chart position,entertainment
Pop band Busted to 'take a break',entertainment
Franz Ferdinand's art school lesson,entertainment
Singer Knight backs anti-gun song,entertainment
Portishead back after eight years,entertainment
Fightstar take to the stage,entertainment
Elvis 'set for chart hat-trick',entertainment
Youssou N'Dour wins music prize,entertainment
TOTP turns to Elvis impersonator,entertainment
Blue beat U2 to top France honour,entertainment
Ten-year tragedy of missing Manic,entertainment
Mogul Wilson backing UK rap band,entertainment
Singer Sizzla jailed for swearing,entertainment
Spears seeks aborted tour payment,entertainment
Deal to ban 'homophobic' reggae,entertainment
Soul sensation ready for awards,entertainment
Prince crowned 'top music earner',entertainment
Brit awards for Devon music acts,entertainment
Rock star sued by ex-girlfriend,entertainment
Scissor Sisters triumph at Brits,entertainment
Jamelia's return to the top,entertainment
Cult band Kasabian surge forward,entertainment
Brits debate over 'urban' music,entertainment
Row threatens Hendrix museum plan,entertainment
No jail for singer Courtney Love,entertainment
Rapper Kanye West's shrewd soul,entertainment
Singer Christina Aguilera to wed,entertainment
Brits return Keane to number one,entertainment
U2's desire to be number one,entertainment
Lasting influence of legend Charles,entertainment
Grammys honour soul star Charles,entertainment
Abba reunite for musical premiere,entertainment
Help for indies in download sales,entertainment
T in the Park sells out in days,entertainment
Black Sabbath top rock album poll,entertainment
Michael film signals 'retirement',entertainment
Hendrix guitar fetches Â£100,entertainment
German music in a 'zombie' state,entertainment
Musical treatment for Capra film,entertainment
Famed music director Viotti dies,entertainment
TV presenter Deeley drops CD:UK,entertainment
The Producers scoops stage awards,entertainment
Rocker Doherty in on-stage fight,entertainment
The Sound of Music is coming home,entertainment
Download chart debut is delayed,entertainment
Rapper films music video in jail,entertainment
Music man to the Oscars,entertainment
Church urges Nelly show boycott,entertainment
Rap feud in 50 Cent's G-Unit crew,entertainment
Prodigy join V Festival line-up,entertainment
DJ double act revamp chart show,entertainment
Rapper 50 Cent scores chart first,entertainment
Goodrem wins top female MTV prize,entertainment
REM announce new Glasgow concert,entertainment
Rapper 50 Cent ends protege feud,entertainment
Musicians to tackle US red tape,entertainment
Angels 'favourite funeral song',entertainment
U2 stars enter rock Hall of Fame,entertainment
Tough schedule delays Elliot show,entertainment
Singer Ian Brown 'in gig arrest',entertainment
No UK premiere for Rings musical,entertainment
Dame Julie pops in to see Poppins,entertainment
Snow Patrol bassist exits group,entertainment
Fockers keeps US box office lead,entertainment
Spider-Man creator wins profits,entertainment
Fry set for role in Hitchhiker's,entertainment
Bollywood draws global stars,entertainment
Hollywood hunts hits at Sundance,entertainment
Actress Roberts takes spider role,entertainment
Film production 'falls' 40% in UK,entertainment
Fantasy book wins Hollywood deal,entertainment
The comic book genius of Stan Lee,entertainment
Bangkok film festival battles on,entertainment
Carry On star Patsy Rowlands dies,entertainment
Tautou 'to star in Da Vinci film',entertainment
Double win for Sea Inside,entertainment
BBC denies Blackadder TV comeback,entertainment
Corbett attacks 'dumbed-down TV',entertainment
Smith loses US box office crown,entertainment
BBC to pour Â£9m into new comedy,entertainment
How the Academy Awards flourished,entertainment
Hoffman hits out over modern film,entertainment
Johnny Depp: The acting outlaw,entertainment
Patti Smith to host arts festival,entertainment
Roxy Music on Isle of Wight bill,entertainment
Music mogul Fuller sells company,entertainment
Johnny Cash manager Holiff dies,entertainment
UK 'world's biggest music buyer',entertainment
Pixies take on Reading and Leeds,entertainment
Vera Drake leads UK Oscar hopes,entertainment
Moreno debut makes Oscar mark,entertainment
Bening makes awards breakthrough,entertainment
Oscars steer clear of controversy,entertainment
Kidman wins photographer battle,entertainment
Bookmakers back Aviator for Oscar,entertainment
Van Gogh festival film withdrawn,entertainment
Douglas set for Indian adventure,entertainment
Russian film wins BBC world prize,entertainment
Incredibles win animation awards,entertainment
Actor Scott is new Bond favourite,entertainment
Singer's film to show at festival,entertainment
De Niro film leads US box office,entertainment
Films on war triumph at Sundance,entertainment
Ink helps drive democracy in Asia,tech
China net cafe culture crackdown,tech
Microsoft seeking spyware trojan,tech
Digital guru floats sub-$100 PC,tech
Technology gets the creative bug,tech
Wi-fi web reaches farmers in Peru,tech
Microsoft releases bumper patches,tech
Virus poses as Christmas e-mail,tech
Apple laptop is 'greatest gadget',tech
Google's toolbar sparks concern,tech
UK net users leading TV downloads,tech
IBM puts cash behind Linux push,tech
UK pioneers digital film network,tech
EU software patent law faces axe,tech
Xbox power cable 'fire fear',tech
Global blogger action day called,tech
Finding new homes for old phones,tech
PlayStation 3 chip to be unveiled,tech
Intel unveils laser breakthrough,tech
Security scares spark browser fix,tech
Britons fed up with net service,tech
Sun offers processing by the hour,tech
Lasers help bridge network gaps,tech
Game firm holds 'cast' auditions,tech
Sony PSP console hits US in March,tech
Warnings about junk mail deluge,tech
Warning over tsunami aid website,tech
Piero gives rugby perspective,tech
Open source leaders slam patents,tech
Reboot ordered for EU patent law,tech
Solutions to net security fears,tech
Mobile networks seek turbo boost,tech
Global digital divide 'narrowing',tech
UK gets official virus alert site,tech
Iran jails blogger for 14 years,tech
Microsoft seeking spyware trojan,tech
US woman sues over cartridges,tech
Movie body hits peer-to-peer nets,tech
Security warning over 'FBI virus',tech
Apple iPod family expands market,tech
T-Mobile bets on 'pocket office',tech
Hotspot users gain free net calls,tech
DVD copy protection strengthened,tech
Apple attacked over sources row,tech
Sony PSP tipped as a 'must-have',tech
BBC leads interactive Bafta wins,tech
Millions buy MP3 players in US,tech
'No re-draft' for EU patent law,tech
Domain system scam fear,tech
Cheaper chip for mobiles,tech
Blind student 'hears in colour',tech
Xbox 2 may be unveiled in summer,tech
Microsoft launches its own search,tech
Moving mobile improves golf swing,tech
Junk e-mails on relentless rise,tech
Sporting rivals go to extra time,tech
Half-Life 2 sweeps Bafta awards,tech
BT boosts its broadband packages,tech
Mobiles 'not media players yet',tech
Microsoft releases patches,tech
Concern over RFID tags,tech
Ask Jeeves joins web log market,tech
Digital guru floats sub-$100 PC,tech
Looks and music to drive mobiles,tech
Yahoo celebrates a decade online,tech
Kenyan school turns to handhelds,tech
Tough rules for ringtone sellers,tech
Creator of first Apple Mac dies,tech
'Friends fear' with lost mobiles,tech
Telewest to challenge Sky Plus,tech
Games enter the classroom,tech
Gadget growth fuels eco concerns,tech
'Evil twin' fear for wireless net,tech
China 'to overtake US net use',tech
US peer-to-peer pirates convicted,tech
Google launches TV search service,tech
Rich pickings for hi-tech thieves,tech
Blog reading explodes in America,tech
Software watching while you work,tech
New delay hits EU software laws,tech
Savvy searchers fail to spot ads,tech
Games firms 'face tough future',tech
Microsoft makes anti-piracy move,tech
Nintendo handheld given Euro date,tech
Smart search lets art fans browse,tech
Warning over Windows Word files,tech
Net regulation 'still possible',tech
Voters flock to blog awards site,tech
Latest Opera browser gets vocal,tech
Web radio takes Spanish rap global,tech
Movie body targets children's PCs,tech
Norway upholds 'Napster' ruling,tech
The future in your pocket,tech
What high-definition will do to DVDs,tech
Mobile games come of age,tech
California sets fines for spyware,tech
Web helps collect aid donations,tech
Mobiles rack up 20 years of use,tech
Blogs take on the mainstream,tech
Honour for UK games maker,tech
Bush website blocked outside US,tech
Blogger grounded by her airline,tech
Camera phones are 'must-haves',tech
Games 'deserve a place in class',tech
Nuclear body seeks new tech,tech
Web logs aid disaster recovery,tech
Pandas benefit from wireless net,tech
Search wars hit desktop PCs,tech
Home phones face unclear future,tech
Podcasts mark rise of DIY radio,tech
Sony wares win innovation award,tech
Portable PlayStation ready to go,tech
Viewers to be able to shape TV,tech
Games maker fights for survival,tech
Pompeii gets digital make-over,tech
Fast moving phone bugs appear,tech
Joke e-mail virus tricks users,tech
Progress on new internet domains,tech
Argonaut founder rebuilds empire,tech
Dozens held over ID fraud site,tech
Robots learn 'robotiquette' rules,tech
Concerns over Windows ATMs,tech
Attack prompts Bush site block,tech
Loyalty cards idea for TV addicts,tech
The Force is strong in Battlefront,tech
'Ultimate game' award for Doom 3,tech
Gadget show heralds MP3 season,tech
Commodore finds new lease of life,tech
Broadband in the UK growing fast,tech
Slim PlayStation triples sales,tech
Seamen sail into biometric future,tech
US duo in first spam conviction,tech
US blogger fired by her airline,tech
Gates opens biggest gadget fair,tech
GTA sequel is criminally good,tech
BT offers free net phone calls,tech
When invention turns to innovation,tech
Firefox browser takes on Microsoft,tech
Halo fans' hope for sequel,tech
Players sought for $1m prize,tech
US top of supercomputing charts,tech
Text messages aid disaster recovery,tech
Putting a face to 'Big Brother',tech
Football Manager scores big time,tech
Musicians 'upbeat' about the net,tech
Broadband takes on TV viewing,tech
Freeze on anti-spam campaign,tech
ITunes user sues Apple over iPod,tech
Microsoft gets the blogging bug,tech
Broadband fuels online change,tech
'Blog' picked as word of the year,tech
New Year's texting breaks record,tech
DS aims to touch gamers,tech
No half measures with Half-Life 2,tech
Games win for Blu-ray DVD format,tech
File-swappers ready new network,tech
Online games play with politics,tech
Broadband challenges TV viewing,tech
Freeze on anti-spam campaign,tech
Halo 2 sells five million copies,tech
When technology gets personal,tech
Microsoft gets the blogging bug,tech
Doors open at biggest gadget fair,tech
Who do you think you are?,tech
'Brainwave' cap controls computer,tech
'Brainwave' cap controls computer,tech
Europe backs digital TV lifestyle,tech
A decade of good website design,tech
2D Metal Slug offers retro fun,tech
Casual gaming to 'take off',tech
'Ultimate game' award for Doom 3,tech
Gadget show heralds MP3 Christmas,tech
Supercomputer breaks speed record,tech
Gadgets galore on show at fair,tech
Broadband in the UK growing fast,tech
US duo in first spam conviction,tech
Microsoft debuts security tools,tech
Slimmer PlayStation triple sales,tech
Seamen sail into biometric future,tech
US blogger fired by her airline,tech
Mobiles double up as bus tickets,tech
Mobile gig aims to rock 3G,tech
Consumers 'snub portable video',tech
Learning to love broadband,tech
Nintendo DS aims to touch gamers,tech
China 'blocks Google news site',tech
A question of trust and technology,tech
Call for action on internet scam,tech
Screensaver tackles spam websites,tech
First look at PlayStation 3 chip,tech
Online commons to spark debate,tech
Mobile gaming takes off in India,tech
Gadget market 'to grow in 2005',tech
Swap offer for pirated Windows XP,tech
Ban hits Half-Life 2 pirates hard,tech
New browser wins over net surfers,tech
Smartphones suffer Skulls attack,tech
Musical future for phones,tech
Multi-purpose TV aids India,tech
Computer grid to help the world,tech
How to make a gigapixel picture,tech
Remote control rifle range debuts,tech
Gangsters dominate gaming chart,tech
British Library gets wireless net,tech
UK broadband gets speed injection,tech
Row brewing over peer-to-peer ads,tech
How to smash a home computer,tech
Mobile picture power in your pocket,tech
Man auctions ad space on forehead,tech
Toxic web links help virus spread,tech
Millions to miss out on the net,tech
Lifestyle 'governs mobile choice',tech
Search sites get closer to users,tech
Anti-spam screensaver scrapped,tech
Europe backs digital TV lifestyle,tech
TV future in the hands of viewers,tech
Cyber criminals step up the pace,tech
Gritty return for Prince of Persia,tech
Disney backs Sony DVD technology,tech
Britons growing 'digitally obese',tech
Halo 2 heralds traffic explosion,tech
Media gadgets get moving,tech
Satellite mapping aids Darfur relief,tech
Disney backs Sony DVD technology,tech
Lifestyle 'governs mobile choice',tech
Millions to miss out on the net,tech
Spam e-mails tempt net shoppers,tech
More power to the people says HP,tech
Robotic pods take on car design,tech
Hi-tech posters guide commuters,tech
Parents face video game lessons,tech
BBC web search aids odd queries,tech
2D Metal Slug offers retro fun,tech
Mobile multimedia slow to catch on,tech
Internet boom for gift shopping,tech
Google to scan famous libraries,tech
Microsoft takes on desktop search,tech
Gamers snap up new Sony PSP,tech
Go-ahead for new internet names,tech
Set your television to wow,tech
Hollywood to sue net film pirates,tech
PC ownership to 'double by 2010',tech
PC photo printers challenge pros,tech
The gaming world in 2005,tech
Bond game fails to shake or stir,tech
Humanoid robot learns how to run,tech
Nintendo adds media playing to DS,tech
Apple sues to stop product leaks,tech
"Gamer buys $26,500 virtual land",tech
Microsoft sets sights on spyware,tech
Video phone help for deaf people,tech
Virus poses as Christmas e-mail,tech
Fast lifts rise into record books,tech
Broadband in the UK gathers pace,tech
Hollywood campaign hits websites,tech
Poles play with GameBoy 'blip-pop',tech
Santy worm makes unwelcome visit,tech
EU software patent law delayed,tech
Apple sues 'Tiger' file sharers,tech
Apple unveils low-cost 'Mac mini',tech
Speech takes on search engines,tech
Broadband steams ahead in the US,tech
Napster offers rented music to go,tech
Broadband soars in 2004,tech
Half of UK's mobiles 'go online',tech
Blinx sequel purrs nicely,tech
The year search became personal,tech
IBM frees 500 software patents,tech
Yahoo moves into desktop search,tech
Rings of steel combat net attacks,tech
US hacker breaks into T-Mobile,tech
Windows worm travels with Tetris,tech
US state acts to stop 'spammers',tech
World tour for top video gamers,tech
Souped-up wi-fi is on the horizon,tech
EA to take on film and TV giants,tech
Tech helps disabled speed demons,tech
Web photo storage market hots up,tech
Speak easy plan for media players,tech
Cable offers video-on-demand,tech
Cyber crime booms in 2004,tech
Dublin hi-tech labs to shut down,tech
Games help you 'learn and play',tech
Hacker threat to Apple's iTunes,tech
Format wars could 'confuse users',tech
Peer-to-peer nets 'here to stay',tech
Text message record smashed,tech
Big war games battle it out,tech
Mobiles rack up 20 years of use,tech
Fast moving phone viruses appear,tech
Doors open at biggest gadget fair,tech
Microsoft debuts security tools,tech
File-swappers ready new network,tech
Games win for Blu-ray DVD format,tech
More power to the people says HP,tech
Gadget market 'to grow in 2005',tech
Apple unveils low-cost 'Mac mini',tech
Napster offers rented music to go,tech
Rings of steel combat net attacks,tech
Apple Mac mini gets warm welcome,tech
Rivals of the Â£400 Apple...,tech
Speak easy plan for media players,tech
US peer-to-peer pirates convicted,tech
Format wars could 'confuse users',tech
Mobiles get set for visual radio,tech
Gamers could drive high-definition,tech
How to make a greener computer,tech
Microsoft makes anti-piracy move,tech
What's next for next-gen consoles?,tech
Latest Opera browser gets vocal,tech
Mobile games come of age,tech
Web radio takes Spanish rap global,tech
What high-definition will do to DVDs,tech
Junk e-mails on relentless rise,tech
Warning over tsunami aid website,tech
More women turn to net security,tech
Sony PSP console hits US in March,tech
Ask Jeeves joins web log market,tech
Why Cell will get the hard sell,tech
PlayStation 3 processor unveiled,tech
Consumer concern over RFID tags,tech
Mobiles 'not media players yet',tech
Blind student 'hears in colour',tech
Apple attacked over sources row,tech
Mobile audio enters new dimension,tech
DVD copy protection strengthened,tech
Millions buy MP3 players in US,tech
Britons fed up with net service,tech
Intel unveils laser breakthrough,tech
EU software patent law faces axe,tech
IBM puts cash behind Linux push,tech
Apple iPod family expands market,tech
US woman sues over ink cartridges,tech
Security warning over 'FBI virus',tech
Mobile networks seek turbo boost,tech
Mac Mini heralds mini revolution,tech
Can Yahoo dominate next decade?,tech
Looks and music to drive mobiles,tech
Hotspot users gain free net calls,tech
Domain system opens door to scams,tech
Sony PSP tipped as a 'must-have',tech
'No re-draft' for EU patent law,tech
Ultra fast wi-fi nears completion,tech
Virgin Radio offers 3G broadcast,tech
More movies head to Sony's PSP,tech
Warnings on woeful wi-fi security,tech
Cebit opens to mobile music tune,tech
Game makers get Xbox 2 sneak peek,tech
Broadband set to revolutionise TV,tech
Chip maker backs net phone calls,tech
Nintendo DS makes its Euro debut,tech
Claxton hunting first major medal,sport
O'Sullivan could run in Worlds,sport
Greene sets sights on world title,sport
IAAF launches fight against drugs,sport
"Dibaba breaks 5,000m world record",sport
Isinbayeva claims new world best,sport
O'Sullivan commits to Dublin race,sport
Hansen 'delays return until 2006',sport
Off-colour Gardener storms to win,sport
Collins to compete in Birmingham,sport
Radcliffe yet to answer GB call,sport
Edwards tips Idowu for Euro gold,sport
Kenya lift Chepkemei's suspension,sport
McIlroy aiming for Madrid title,sport
UK Athletics agrees new kit deal,sport
Verdict delay for Greek sprinters,sport
Call for Kenteris to be cleared,sport
Merritt close to indoor 400m mark,sport
London hope over Chepkemei,sport
Edwards tips Idowu for Euro gold,sport
Chepkemei hit by big ban,sport
Holmes secures comeback victory,sport
Greek pair attend drugs hearing,sport
Chepkemei joins Edinburgh line-up,sport
El Guerrouj targets cross country,sport
Collins appeals against drugs ban,sport
Holmes feted with further honour,sport
Campbell to extend sprint career,sport
Isinbayeva heads for Birmingham,sport
2004: An Irish Athletics Year,sport
Sprinter Walker quits athletics,sport
Bekele sets sights on world mark,sport
Greek sprinters suspended by IAAF,sport
Athens memories soar above lows,sport
Collins banned in landmark case,sport
Jones doping probe begins,sport
Johnson accuses British sprinters,sport
Radcliffe proves doubters wrong,sport
Jones medals 'must go if guilty',sport
Radcliffe tackles marathon tasks,sport
Gatlin and Hayes win Owen awards,sport
Radcliffe enjoys winning comeback,sport
Collins named UK Athletics chief,sport
White admits to Balco drugs link,sport
Trial date is set for Balco case,sport
Radcliffe eyes hard line on drugs,sport
Kenteris denies faking road crash,sport
Greek pair set for hearing,sport
Jones files Conte lawsuit,sport
IAAF awaits Greek pair's response,sport
IAAF to rule on Greek sprint pair,sport
Holmes starts 2005 with GB events,sport
Gebrselassie in London triple bid,sport
Thanou bullish over drugs hearing,sport
Holmes is hit by hamstring injury,sport
Kluft impressed by Sotherton form,sport
What now for Kelly Holmes?,sport
Gardener battles to narrow win,sport
European medal chances improve,sport
McIlroy wins 800m indoor title,sport
Johnson edges out rival Sotherton,sport
Brizzel to run AAA's in Sheffield,sport
Holmes urged to compete at Worlds,sport
McIlroy continues winning streak,sport
Radcliffe will compete in London,sport
Britain boosted by Holmes double,sport
Lewis-Francis eyeing world gold,sport
GB select Holmes for double bid,sport
Holmes back on form in Birmingham,sport
Record fails to lift lacklustre meet,sport
Tomlinson stays focused on Europe,sport
Running around the Olympics,sport
Johnson uncertain about Euro bid,sport
Pavey focuses on indoor success,sport
Gardener wins double in Glasgow,sport
African double in Edinburgh,sport
Yelling takes Cardiff hat-trick,sport
Butler strikes gold in Spain,sport
Wada will appeal against ruling,sport
Greek sprinters 'won't run again',sport
IAAF will contest Greek decision,sport
Greek duo cleared in doping case,sport
Johnson too strong for GB runners,sport
Holmes starts 2005 with GB events,sport
Tulu to appear at Caledonian run,sport
Disappointed Scott in solid start,sport
GB quartet get cross country call,sport
Jones files lawsuit against Conte,sport
Thanou desperate to make return,sport
Relay squad thrilled with honours,sport
Balco case trial date pushed back,sport
Collins calls for Chambers return,sport
Costin aims for comeback in 2006,sport
Lewis-Francis turns to Christie,sport
Man Utd stroll to Cup win,sport
Van Nistelrooy set to return,sport
Moyes U-turn on Beattie dismissal,sport
Ronaldo considering new contract,sport
Smith keen on Home series return,sport
Mido makes third apology,sport
Man City 0-2 Man Utd,sport
Gerrard plays down European hopes,sport
Duff ruled out of Barcelona clash,sport
Chelsea clinch cup in extra-time,sport
Newcastle 2-1 Bolton,sport
Middlesbrough 2-2 Charlton,sport
Dundee Utd 4-1 Aberdeen,sport
Clyde 0-5 Celtic,sport
Hearts 2-1 Livingston,sport
Kenyon denies Robben Barca return,sport
Bridge could miss rest of season,sport
Parry firm over Gerrard,sport
Wright-Phillips to start on right,sport
Robben sidelined with broken foot,sport
Giggs handed Wales leading role,sport
Bosvelt optimistic over new deal,sport
Sociedad set to rescue Mladenovic,sport
Parry relishes Anfield challenge,sport
Time to get tough on friendlies?,sport
Barcelona title hopes hit by loss,sport
Parry puts Gerrard 'above money',sport
Bees handed potential Man Utd tie,sport
England's defensive crisis grows,sport
Ferdinand casts doubt over Glazer,sport
Premier League planning Cole date,sport
McCall earns Tannadice reprieve,sport
Kewell waits as injury drags on,sport
Smith aims to bring back respect,sport
Injury doubts beset Wales squad,sport
Weir poised for Sunderland move,sport
Newry to fight cup exit in courts,sport
Republic to face China and Italy,sport
Finnan says Irish can win group,sport
Irish finish with home game,sport
Israeli club look to Africa,sport
Iranian misses Israel match,sport
Highbury tunnel players in clear,sport
Bellamy under new fire,sport
Chelsea denied by James heroics,sport
Chelsea ridiculed over complaint,sport
Benitez issues warning to Gerrard,sport
Owen determined to stay in Madrid,sport
Wenger handed summer war chest,sport
Souness delight at Euro progress,sport
Downing injury mars Uefa victory,sport
Rangers seal Old Firm win,sport
SFA awaits report over Mikoliunas,sport
Palace threat over Cantona masks,sport
Legendary Dutch boss Michels dies,sport
Jol joy at 'professional' Cup win,sport
Owen delighted with Real display,sport
Ferguson fears Milan cutting edge,sport
Rush future at Chester uncertain,sport
Reyes tricked into Real admission,sport
Benitez joy as Reds take control,sport
Souness eyes summer move for Owen,sport
Wenger dejected as Arsenal slump,sport
Stam spices up Man Utd encounter,sport
Mourinho defiant on Chelsea form,sport
Hodgson relishes European clashes,sport
Coach Ranieri sacked by Valencia,sport
Cole faces lengthy injury lay-off,sport
Arsenal through on penalties,sport
Ajax refuse to rule out Jol move,sport
Unclear future for striker Baros,sport
Prutton poised for lengthy FA ban,sport
Robben plays down European return,sport
Adriano's Chelsea link rejected,sport
FA decides not to punish Mourinho,sport
Aragones angered by racism fine,sport
Boro suffer Morrison injury blow,sport
Mourinho receives Robson warning,sport
QPR keeper Day heads for Preston,sport
Cudicini misses Carling Cup final,sport
Beattie return calms attack fears,sport
Keegan hails comeback king Fowler,sport
Thompson says Gerrard should stay,sport
Cole refuses to blame van Persie,sport
Blackburn v Burnley,sport
Brentford v Southampton,sport
Desailly backs Blues revenge trip,sport
Desailly backs Blues revenge trip,sport
Mourinho expects fight to finish,sport
Cup holders Man Utd visit Everton,sport
Candela completes Bolton switch,sport
Stuart joins Norwich from Addicks,sport
Celtic make late bid for Bellamy,sport
Campbell lifts lid on United feud,sport
Rovers reject third Ferguson bid,sport
SA return to Mauritius,sport
Tottenham bid &#163;8m for Forest duo,sport
Redknapp's Saints face Pompey tie,sport
Real in talks over Gravesen move,sport
Klinsmann issues Lehmann warning,sport
Juninho demand for O'Neill talks,sport
Wenger signs new deal,sport
FA probes crowd trouble,sport
Edu describes tunnel fracas,sport
Chelsea sack Mutu,sport
Ferguson urges Henry punishment,sport
Wenger offers Mutu hope,sport
Santini resigns as Spurs manager,sport
Mutu to hold talks with Juventus,sport
Uefa approves fake grass,sport
Yeading face Newcastle in FA Cup,sport
Anelka 'eyes Man City departure',sport
Arnesen denies rift with Santini,sport
Souness backs Smith for Scotland,sport
Gallas sees two-horse race,sport
Tevez - an Argentine in Brazil,sport
Edu blasts Arsenal,sport
Can Smith work Scottish wonders?,sport
Jansen suffers a further setback,sport
Mansfield 0-1 Leyton Orient,sport
Zambia confident and cautious,sport
Reaction from Spanish press,sport
Kerr frustrated at victory margin,sport
Mourinho plots impressive course,sport
Hearts of Oak 3-2 Cotonsport,sport
Curbishley delight for Johansson,sport
Lennon brands Rangers favourites,sport
McClaren hails Boro's Uefa spirit,sport
Benitez delight after crucial win,sport
Bristol City 2-1 Milton Keynes,sport
Hereford 1-1 Doncaster,sport
Wolves appoint Hoddle as manager,sport
Wenger keeping faith with Almunia,sport
Houllier praises Benitez regime,sport
McClaren targets Champions League,sport
Hitzlsperger waiting on O'Leary,sport
Mourinho to escape FA charge,sport
Wolves appoint Hoddle as manager,sport
Redknapp poised for Saints,sport
FA charges Liverpool and Millwall,sport
Wenger steps up row,sport
Liverpool revel in night of glory,sport
English clubs make Euro history,sport
Ferguson puts faith in youngsters,sport
Beckham relief as Real go through,sport
Man Utd through after Exeter test,sport
Hamm bows out for US,sport
Wenger rules out new keeper,sport
Liverpool pledge to keep Gerrard,sport
Pearce keen on succeeding Keegan,sport
Bomb threat at Bernabeu stadium,sport
Chelsea hold Arsenal,sport
Real will finish abandoned match,sport
Poll explains free-kick decision,sport
Solskjaer raises hopes of return,sport
Dunne keen to commit to Man City,sport
Bates seals takeover,sport
Ferguson rues failure to cut gap,sport
Old Firm pair handed suspensions,sport
Anelka apologises for criticism,sport
Ferguson rues failure to cut gap,sport
Everton's Weir cools Euro hopes,sport
Spain coach faces racism inquiry,sport
Spain coach faces racism inquiry,sport
Benitez deflects blame from Dudek,sport
Bellamy fined after row,sport
McClaren eyes Uefa Cup top spot,sport
Spurs to sign Iceland U21 star,sport
McLeish ready for criticism,sport
O'Leary agrees new Villa contract,sport
Gronkjaer agrees switch to Madrid,sport
Benitez 'to launch Morientes bid',sport
Robertson out to retain Euro lure,sport
Campbell rescues Arsenal,sport
Reds sink 10-man Magpies,sport
Strachan turns down Pompey,sport
Henry tipped for Fifa award,sport
Newcastle to join Morientes race,sport
Blues slam Blackburn over Savage,sport
Gerrard happy at Anfield,sport
Beckham rules out management move,sport
Mexicans tracking unhappy Juninho,sport
Celtic unhappy over Bulgaria date,sport
Robben and Cole earn Chelsea win,sport
Newcastle line up Babayaro,sport
Mourinho takes swipe at Arsenal,sport
Wenger shock at Newcastle dip,sport
Ferguson hails Man Utd's resolve,sport
TV calls after Carroll error,sport
Hodgson shoulders England blame,sport
Vickery out of Six Nations,sport
Yachvili savours France comeback,sport
Laporte tinkers with team,sport
Lewsey puzzle over disallowed try,sport
Fuming Robinson blasts officials,sport
O'Gara revels in Ireland victory,sport
Thomas out of Six Nations,sport
Wales coach elated with win,sport
Newcastle 27-27 Gloucester,sport
London Irish 19-33 Wasps,sport
Murray returns to Scotland fold,sport
Fear will help France - Laporte,sport
Davies favours Gloucester future,sport
Ref stands by Scotland decisions,sport
Robinson ready for difficult task,sport
Bell set for England debut,sport
O'Sullivan quick to hail Italians,sport
Italy 17-28 Ireland,sport
Jones happy with Henson heroics,sport
Double injury blow strikes Wales,sport
Kirwan demands Italy consistency,sport
Fit-again Betsen in France squad,sport
Wales critical of clumsy Grewcock,sport
Henson stakes early Lions claim,sport
Murphy: That was a bruising battle,sport
Wales make two changes for France,sport
Ireland surge past Scots,sport
Wales win in Rome,sport
White prepared for battle,sport
O'Driscoll saves Irish blushes,sport
Barkley fit for match in Ireland,sport
Wales stars need a rest - Ruddock,sport
Munster Cup tie switched to Spain,sport
Williams says he will never quit,sport
Pountney handed ban and fine,sport
France v Wales (Sat),sport
Woodward eyes Brennan for Lions,sport
Scotland v Italy (Sat),sport
Preview: Ireland v England (Sun),sport
Leeds v Saracens (Fri),sport
Worcester v Sale (Fri),sport
Robinson answers critics,sport
Sella wants Michalak recall,sport
Umaga ready for Lions,sport
"Umaga ready for ""fearsome"" Lions",sport
Campese berates whingeing England,sport
O'Driscoll/Gregan lead Aid stars,sport
Harinordoquy suffers France axe,sport
Parker misses England clash,sport
Stevens named in England line-up,sport
Bortolami predicts dour contest,sport
Corry backs skipper Robinson,sport
Prop Jones ready for hard graft,sport
Moody joins up with England,sport
Captains lining up for Aid match,sport
Castaignede fires Laporte warning,sport
Charvis set to lose fitness bid,sport
Robinson out of Six Nations,sport
England coach faces rap after row,sport
Harinordoquy suffers France axe,sport
Wilkinson return 'unlikely',sport
England 'to launch ref protest',sport
Moore questions captaincy,sport
Owen set for skipper role,sport
Italy aim to rattle England,sport
Dal Maso in to replace Bergamasco,sport
Teenager Tait picked for England,sport
Wood - Ireland can win Grand Slam,sport
Scots suffer another injury blow,sport
O'Sullivan keeps his powder dry,sport
Wales get Williams fitness boost,sport
Dawson joins England injury list,sport
Wales want rugby league training,sport
Saint-Andre anger at absent stars,sport
Ruddock backs Yapp's credentials,sport
Player burn-out worries Robinson,sport
Hodges announces rugby retirement,sport
Funding cut hits Wales Students,sport
Calder fears for Scottish rugby,sport
A year to remember for Irish,sport
Williams stays on despite dispute,sport
Lomu relishing return to action,sport
Johnson announces June retirement,sport
A November to remember,sport
South Africa sweep top awards,sport
Robinson wants dual code success,sport
All Black magic: New Zealand rugby,sport
WRU proposes season overhaul,sport
Wilkinson to lead England,sport
Hong Kong in 2011 World Cup bid,sport
Dallaglio his own man to the end,sport
Wasps 31-37 Leicester,sport
Ireland 17-12 South Africa,sport
Ireland v USA (Sat),sport
Ireland call up uncapped Campbell,sport
Ireland 21-19 Argentina,sport
England claim Dubai Sevens glory,sport
Barbarians 19-47 New Zealand,sport
Dawson wins England squad recall,sport
Borders 19-20 Ulster,sport
Lions blow to World Cup stars,sport
Campbell to be Lions consultant,sport
Lions blow to World Cup winners,sport
Wilkinson fit to face Edinburgh,sport
Dallaglio eyeing Lions tour place,sport
Dawson set for new Wasps contract,sport
Healey targets England comeback,sport
Scrum-half Williams rejoins Bath,sport
Bath faced with Tindall ultimatum,sport
Tindall wants second opinion,sport
Paris promise raises Welsh hopes,sport
Wales silent on Grand Slam talk,sport
Sculthorpe wants Lions captaincy,sport
Tigers wary of Farrell 'gamble',sport
Farrell saga to drag on - Lindsay,sport
England given tough Sevens draw,sport
Wales hails new superstar,sport
Sydney to host north v south game,sport
Celts savour Grand Slam prospect,sport
Ireland win eclipses refereeing 'errors',sport
Ireland 19-13 England,sport
Fuming Robinson blasts officials,sport
Scotland 18-10 Italy,sport
Bortolami predicts dour contest,sport
O'Connell rejects Lions rumours,sport
Taylor poised for Scotland return,sport
Vickery upbeat about arm injury,sport
Dominici backs lacklustre France,sport
Llewellyn plans Wales retirement,sport
England 17-18 France,sport
Wilkinson to miss Ireland match,sport
Italy 8-38 Wales,sport
D'Arcy injury adds to Ireland woe,sport
O'Driscoll out of Scotland game,sport
Tindall aiming to earn Lions spot,sport
O'Connor aims to grab opportunity,sport
Henman overcomes rival Rusedski,sport
Safin slumps to shock Dubai loss,sport
Ferrero eyes return to top form,sport
Roddick into San Jose final,sport
Federer claims Dubai crown,sport
Young debut cut short by Ginepri,sport
Melzer shocks Agassi,sport
Federer forced to dig deep,sport
Nadal marches on in Mexico,sport
Hantuchova in Dubai last eight,sport
Parmar ruled out of Davis Cup tie,sport
Davenport hits out at Wimbledon,sport
Dogged Federer claims Dubai crown,sport
Henman hopes ended in Dubai,sport
Mirza shocks Kuznetsova,sport
Hantuchova in Dubai last eight,sport
Murray to make Cup history,sport
Davenport hits out at Wimbledon,sport
Venus stunned by Farina Elia,sport
Martinez sees off Vinci challenge,sport
Serena becomes world number two,sport
Hingis to make unexpected return,sport
Clijsters set for February return,sport
Hewitt falls to Dent,sport
Angry Williams rejects criticism,sport
Davenport dismantles young rival,sport
Serena ends Sania Mirza's dream,sport
Kuznetsova 'failed a drugs test',sport
What now for British tennis?,sport
Hewitt overcomes wobble in Sydney,sport
Moya fights back for Indian title,sport
Rochus shocks Coria in Auckland,sport
Johansson takes Adelaide victory,sport
Hingis hints at playing comeback,sport
Slovakia seal Hopman Cup success,sport
Dementieva prevails in Hong Kong,sport
Injury sidelines Philippoussis,sport
Hewitt falls to Dent in Adelaide,sport
Federer breezes into semi-finals,sport
Davenport puts retirement on hold,sport
Rusedski angry over supplements,sport
Ad sales boost Time Warner profit,business
Dollar gains on Greenspan speech,business
Yukos unit buyer faces loan claim,business
High fuel prices hit BA's profits,business
Pernod takeover talk lifts Domecq,business
Japan narrowly escapes recession,business
Jobs growth still slow in the US,business
India calls for fair trade rules,business
Ethiopia's crop production up 24%,business
Court rejects $280bn tobacco case,business
Ask Jeeves tips online ad revival,business
Indonesians face fuel price rise,business
Peugeot deal boosts Mitsubishi,business
Telegraph newspapers axe 90 jobs,business
Air passengers win new EU rights,business
China keeps tight rein on credit,business
Parmalat boasts doubled profits,business
India's rupee hits five-year high,business
India widens access to telecoms,business
Call centre users 'lose patience',business
Rank 'set to sell off film unit',business
Sluggish economy hits German jobs,business
Mixed signals from French economy,business
US trade gap hits record in 2004,business
Yukos loses US bankruptcy battle,business
Safety alert as GM recalls cars,business
"Steel firm 'to cut' 45,000 jobs",business
Strong demand triggers oil rally,business
UK firm faces Venezuelan land row,business
Soaring oil 'hits world economy',business
Irish markets reach all-time high,business
Japanese banking battle at an end,business
Rich grab half Colombia poor fund,business
"Rover deal 'may cost 2,000 jobs'",business
Ad firm WPP's profits surge 15%,business
US gives foreign firms extra time,business
Japanese mogul arrested for fraud,business
Deutsche Telekom sees mobile gain,business
Chinese wine tempts Italy's Illva,business
Umbro profits lifted by Euro 2004,business
Fed chief warning on US deficit,business
UK Coal plunges into deeper loss,business
Saudi ministry to employ women,business
Japan economy slides to recession,business
US crude prices surge above $53,business
Industrial output falls in Japan,business
Ryanair in $4bn Boeing plane deal,business
Parmalat to return to stockmarket,business
BMW cash to fuel Mini production,business
Bad weather hits Nestle sales,business
Fiat mulls Ferrari market listing,business
Italy to get economic action plan,business
Weak dollar hits Reuters,business
Hyundai to build new India plant,business
SA unveils 'more for all' budget,business
BMW drives record sales in Asia,business
Economy 'stronger than forecast',business
Electrolux to export Europe jobs,business
Worldcom ex-boss launches defence,business
Insurance bosses plead guilty,business
Further rise in UK jobless total,business
Wembley firm won't make a profit,business
Cars pull down US retail figures,business
Lufthansa may sue over Bush visit,business
EU aiming to fuel development aid,business
German business confidence slides,business
FAO warns on impact of subsidies,business
India seeks to boost construction,business
Boeing unveils new 777 aircraft,business
Circuit City gets takeover offer,business
Japan turns to beer alternatives,business
S Korean consumers spending again,business
German growth goes into reverse,business
Turkey-Iran mobile deal 'at risk',business
EU ministers to mull jet fuel tax,business
Palestinian economy in decline,business
China had role in Yukos split-up,business
Deadline nears for Fiat-GM deal,business
ID theft surge hits US consumers,business
"Argentina, Venezuela in oil deal",business
BMW to recall faulty diesel cars,business
Takeover rumour lifts Exel shares,business
Yukos accused of lying to court,business
Mexican in US send $16bn home,business
Home loan approvals rising again,business
Manufacturing recovery 'slowing',business
Worldcom boss 'left books alone',business
Metlife buys up Citigroup insurer,business
Europe blames US over weak dollar,business
French wine gets 70m euro top-up,business
Russia gets investment blessing,business
Iranian MPs threaten mobile deal,business
Argentina closes $102.6bn debt swap,business
US economy shows solid GDP growth,business
Profits slide at India's Dr Reddy,business
Burren awarded Egyptian contracts,business
'Strong dollar' call halts slide,business
IMF 'cuts' German growth estimate,business
"GM, Ford cut output as sales fall",business
Ebbers denies WorldCom fraud,business
Australia rates at four year high,business
US company admits Benin bribery,business
"US insurer Marsh cuts 2,500 jobs",business
US seeks new $280bn smoker ruling,business
Budget Aston takes on Porsche,business
Golden rule 'intact' says ex-aide,business
Liberian economy starts to grow,business
Slowdown hits US factory growth,business
Lufthansa flies back to profit,business
Japanese growth grinds to a halt,business
Unilever shake up as profit slips,business
France Telecom gets Orange boost,business
Brussels raps mobile call charges,business
WorldCom director admits lying,business
Glaxo aims high after profit fall,business
Japan bank shares up on link talk,business
Car giant hit by Mercedes slump,business
Ericsson sees earnings improve,business
Bank opts to leave rates on hold,business
Nigeria to boost cocoa production,business
US interest rates increased to 2%,business
US bank in $515m SEC settlement,business
Train strike grips Buenos Aires,business
Bargain calls widen Softbank loss,business
WMC profits up amid bid criticism,business
Barclays profits hit record level,business
Yukos owner sues Russia for $28bn,business
Qantas sees profits fly to record,business
Iraq to invite phone licence bids,business
Aviation firms eye booming India,business
Russian oil merger excludes Yukos,business
Brazil buy boosts Belgium's Inbev,business
Salary scandal in Cameroon,business
US adds more jobs than expected,business
Feta cheese battle reaches court,business
Ukraine revisits state sell-offs,business
Bank set to leave rates on hold,business
Winter freeze keeps oil above $50,business
German jobless rate at new record,business
Ore costs hit global steel firms,business
BMW reveals new models pipeline,business
Asian banks halt dollar's slide,business
Weak dollar trims Cadbury profits,business
Oil prices fall back from highs,business
Winn-Dixie files for bankruptcy,business
Why few targets are better than many,business
Malaysia lifts Islamic bank limit,business
Alfa Romeos 'to get GM engines',business
Saab to build Cadillacs in Sweden,business
Shares hit by MS drug suspension,business
Bank voted 8-1 for no rate change,business
Crude oil prices back above $50,business
House prices show slight increase,business
Golden rule boost for Chancellor,business
Macy's owner buys rival for $11bn,business
Industrial revival hope for Japan,business
Khodorkovsky ally denies charges,business
Qatar and Shell in $6bn gas deal,business
India unveils anti-poverty budget,business
GM pays $2bn to evade Fiat buyout,business
Ex-Boeing director gets jail term,business
Verizon 'seals takeover of MCI',business
US data sparks inflation worries,business
Yukos sues four firms for $20bn,business
Consumer spending lifts US growth,business
Crossrail link 'to get go-ahead',business
Hariri killing hits Beirut shares,business
Small firms 'hit by rising costs',business
Buyers snap up Jet Airways' shares,business
House prices suffer festive fall,business
Deutsche Boerse boosts dividend,business
Newest EU members underpin growth,business
Brewers' profits lose their fizz,business
Yangtze Electric's profits double,business
French consumer spending rising,business
GSK aims to stop Aids profiteers,business
Optimism remains over UK housing,business
Russia WTO talks 'make progress',business
Irish duo could block Man Utd bid,business
Dollar drops on reserves concerns,business
India and Russia in energy talks,business
Weak data buffets French economy,business
Business fears over sluggish EU economy,business
M&S cuts prices by average of 24%,business
US bank 'loses' customer details,business
Huge rush for Jet Airways shares,business
Bank payout to Pinochet victims,business
Qwest may spark MCI bidding war,business
Fiat chief takes steering wheel,business
Consumers drive French economy,business
US regulator to rule on pain drug,business
Yukos bankruptcy 'not US matter',business
Borussia Dortmund near bust,business
'Post-Christmas lull' in lending,business
UK 'risks breaking golden rule',business
Worldcom director ends evidence,business
Ukraine steel sell-off 'illegal',business
Cairn shares up on new oil find,business
Georgia plans hidden asset pardon,business
Cuba winds back economic clock,business
Novartis hits acquisition trail,business
MCI shareholder sues to stop bid,business
'Standoff' on Deutsche's LSE bid,business
Bush to outline 'toughest' budget,business
Orange colour clash set for court,business
Standard Life cuts policy bonuses,business
EMI shares hit by profit warning,business
China's Shanda buys stake in Sina,business
Mixed reaction to Man Utd offer,business
Gold falls on IMF sale concerns,business
Electronics firms eye plasma deal,business
MG Rover China tie-up 'delayed',business
US bank boss hails 'genius' Smith,business
Economy 'strong' in election year,business
SEC to rethink post-Enron rules,business
Nissan names successor to Ghosn,business
Ukraine trims privatisation check,business
Absa and Barclays talks continue,business
Rescue hope for Borussia Dortmund,business
Standard Life concern at LSE bid,business
BP surges ahead on high oil price,business
Oil companies get Russian setback,business
Gaming firm to sell UK dog tracks,business
Man Utd to open books to Glazer,business
Sales 'fail to boost High Street',business
McDonald's to sponsor MTV show,business
Call to save manufacturing jobs,business
Tsunami 'to hit Sri Lanka banks',business
Shares rise on new Man Utd offer,business
Yukos drops banks from court bid,business
Venezuela reviews foreign deals,business
Lloyd's of London head chides FSA,business
Bat spit drug firm goes to market,business
Vodafone appoints new Japan boss,business
Pension hitch for long-living men,business
Card fraudsters 'targeting web',business
Britannia members' Â£42m windfall,business
Firms pump billions into pensions,business
UK homes hit Â£3.3 trillion total,business
G7 backs Africa debt relief plan,business
Q&A: Malcolm Glazer and Man Utd,business
Making your office work for you,business
Market unfazed by Aurora setback,business
The 'ticking budget' facing the US,business
Ebbers 'aware' of WorldCom fraud,business
Renault boss hails 'great year',business
Survey confirms property slowdown,business
Bush budget seeks deep cutbacks,business
Profits stall at China's Lenovo,business
MCI shares climb on takeover bid,business
BT offers equal access to rivals,business
News Corp eyes video games market,business
Call to overhaul UK state pension,business
Singapore growth at 8.1% in 2004,business
Turkey knocks six zeros off lira,business
S Korea spending boost to economy,business
Latin America sees strong growth,business
Asia shares defy post-quake gloom,business
Booming markets shed few tears,business
Asian quake hits European shares,business
Split-caps pay Â£194m compensation,business
French suitor holds LSE meeting,business
Troubled Marsh under SEC scrutiny,business
Could Yukos be a blessing in disguise?,business
Nasdaq planning $100m share sale,business
Giving financial gifts to children,business
Air China in $1bn London listing,business
Oil prices reach three-month low,business
Arsenal 'may seek full share listing',business
Markets signal Brazilian recovery,business
Markets fall on weak dollar fears,business
Google shares fall as staff sell,business
Five million Germans out of work,business
India power shares jump on debut,business
Turkey turns on the economic charm,business
SBC plans post-takeover job cuts,business
German bidder in talks with LSE,business
Amex shares up on spin-off news,business
Axa Sun Life cuts bonus payments,business
Chinese dam firm 'defies Beijing',business
Stock market eyes Japan recovery,business
Iraqi voters turn to economic issues,business
EU 'too slow' on economic reforms,business
China continues breakneck growth,business
Japan's ageing workforce: built to last,business
GE sees 'excellent' world economy,business
UK economy facing 'major risks',business
Bank holds interest rate at 4.75%,business
Tobacco giants hail court ruling,business
Steady job growth continues in US,business
Glazer makes new Man Utd approach,business
Wall Street cheers Bush victory,business
Business confidence dips in Japan,business
Millions 'to lose textile jobs',business
"Dutch bank to lay off 2,850 staff",business
Fannie Mae 'should restate books',business
US to rule on Yukos refuge call,business
J&J agrees $25bn Guidant deal,business
Libya takes $1bn in unfrozen funds,business
Cactus diet deal for Phytopharm,business
Brazil plays down Varig rescue,business
Bombardier chief to leave company,business
Brazil approves bankruptcy reform,business
Retail sales show festive fervour,business
Cairn shares slump on oil setback,business
French boss to leave EADS,business
AstraZeneca hit by drug failure,business
Strong quarterly growth for Nike,business
Stormy year for property insurers,business
Parmalat sues 45 banks over crash,business
Irish company hit by Iraqi report,business
Yukos unit fetches $9bn at auction,business
S&N extends Indian beer venture,business
Euronext 'poised to make LSE bid',business
Christmas shoppers flock to tills,business
Mystery surrounds new Yukos owner,business
Euronext joins bid battle for LSE,business
Iraq and Afghanistan in WTO talks,business
Diageo to buy US wine firm,business
Tokyo says deflation 'controlled',business
No seasonal lift for house market,business
Yukos seeks court action on sale,business
Indy buys into India paper,business
Senior Fannie Mae bosses resign,business
Cannabis hopes for drug firm,business
Bush to get 'tough' on deficit,business
House prices drop as sales slow,business
Fresh hope after Argentine crisis,business
Disney settles disclosure charges,business
Putin backs state grab for Yukos,business
US firm pulls out of Iraq,business
Boeing secures giant Japan order,business
Banker loses sexism claim,business
Building giant in asbestos payout,business
Police detain Chinese milk bosses,business
India's Deccan seals $1.8bn deal,business
Venezuela and China sign oil deal,business
Jarvis sells Tube stake to Spain,business
Honda wins China copyright ruling,business
Air Jamaica back in state control,business
Battered dollar hits another low,business
Quake's economic costs emerging,business
Disaster claims 'less than $10bn',business
India-Pakistan peace boosts trade,business
US to probe airline travel chaos,business
S Korean lender faces liquidation,business
Dollar hits new low versus euro,business
Mild winter drives US oil down 6%,business
Share boost for feud-hit Reliance,business
Giant waves damage S Asia economy,business
Asia shares defy post-quake gloom,business
Israeli economy picking up pace,business
Soros group warns of Kazakh close,business
Deutsche attacks Yukos case,business
GM in crunch talks on Fiat future,business
Record year for Chilean copper,business
US consumer confidence up,business
Cash gives way to flexible friend,business
Go-ahead for Balkan oil pipeline,business
Durex maker SSL awaits firm bid,business
Nasdaq planning $100m-share sale,business
WMC says Xstrata bid is too low,business
Takeover offer for Sunderland FC,business
Warning over US pensions deficit,business
Beer giant swallows Russian firm,business
US manufacturing expands,business
Madagascar completes currency switch,business
Quiksilver moves for Rossignol,business
Dollar hovers around record lows,business
S Korean credit card firm rescued,business
Dollar slides ahead of New Year,business
VW considers opening Indian plant,business
Ukraine strikes Turkmen gas deal,business
Reliance unit loses Anil Ambani,business
India opens skies to competition,business
Oil rebounds from weather effect,business
Ban on forced retirement under 65,business
Fed warns of more US rate rises,business
Weak end-of-year sales hit Next,business
Tate & Lyle boss bags top award,business
Krispy Kreme shares hit,business
Germany nears 1990 jobless level,business
Venezuela identifies 'idle' farms,business
Egypt to sell off state-owned bank,business
Wal-Mart to pay $14m in gun suit,business
Yukos heading back to US courts,business
Deutsche Boerse set to 'woo' LSE,business
Laura Ashley chief stepping down,business
US Airways staff agree to pay cut,business
Delta cuts fares in survival plan,business
Profits jump at China's top bank,business
Green reports shun supply chain,business
Tsunami to cost Sri Lanka $1.3bn,business
Indian oil firm eyes Yukos assets,business
Monsanto fined $1.5m for bribery,business
Marsh executive in guilty plea,business
US interest rate rise expected,business
WorldCom bosses' $54m payout,business
Continental 'may run out of cash',business
House prices rebound says Halifax,business
Mixed Christmas for US retailers,business
India's Deccan gets more planes,business
South African car demand surges,business
UK bank seals South Korean deal,business
DaimlerChrysler's 2004 sales rise,business
Tsunami cost hits Jakarta shares,business
Iran budget seeks state sell-offs,business
EC calls truce in deficit battle,business
Enron bosses in $168m payout,business
UK house prices dip in November,business
Barclays shares up on merger talk,business
US firm 'bids for Lacroix label',business
$1m payoff for former Shell boss,business
India and Iran in gas export deal,business
LSE 'sets date for takeover deal',business
News Corp makes $5.4bn Fox offer,business
Israel looks to US for bank chief,business
EU-US seeking deal on air dispute,business
Nortel in $300m profit revision,business
Minister hits out at Yukos sale,business
Chinese exports rise 25% in 2004,business
Karachi stocks hit historic high,business
US trade gap ballooned in October,business
US prepares for hybrid onslaught,business
Mitsubishi in Peugeot link talks,business
BA to suspend two Saudi services,business
Cairn Energy in Indian gas find,business
Asia quake increases poverty risk,business
Fosters buys stake in winemaker,business
ECB holds rates amid growth fears,business
China bans new tobacco factories,business
UK interest rates held at 4.75%,business
German economy rebounds,business
US trade deficit widens sharply,business
Trade gap narrows as exports rise,business
Lesotho textile workers lose jobs,business
Kraft cuts snack ads for children,business
Khodorkovsky quits Yukos shares,business
Executive trio leave Aer Lingus,business
US in EU tariff chaos trade row,business
News Corp eyes video games market,business
US Ahold suppliers face charges,business
Wal-Mart fights back at accusers,business
US retail sales surge in December,business
Winemaker rejects Foster's offer,business
McDonald's boss Bell dies aged 44,business
US industrial output growth eases,business
LSE doubts boost bidders' shares,business
Qantas considers offshore option,business
Gazprom 'in $36m back-tax claim',business
Germany calls for EU reform,business
Parmalat founder offers apology,business
'Golden economic period' to end,business
Jobs go at Oracle after takeover,business
